p,accept_prob,reject_prob,inconclusive_prob
0.0,1.0,0.0,0.0
0.001,0.9999999999999997,5.15785284572389e-82,3.3306690738754696e-16
0.002,0.9999999999999993,5.299098811520578e-68,6.661338147750939e-16
0.003,0.9999999999999991,7.306334342744314e-60,8.881784197001252e-16
0.004,0.9999999999999989,3.971126088900281e-54,1.1102230246251565e-15
0.005,0.9999999999999983,1.0391136898575844e-49,1.6653345369377348e-15
0.006,0.9999999999999981,3.990669657880144e-46,1.887379141862766e-15
0.007,0.9999999999999978,4.076566422450231e-43,2.220446049250313e-15
0.008,0.9999999999999974,1.5796150630859906e-40,2.55351295663786e-15
0.009,0.9999999999999964,2.9190450007034327e-38,3.552713678800501e-15
0.01,0.9999999999999971,3.0078050609302445e-36,2.886579864025407e-15
0.011,0.999999999999996,1.9319627276249164e-34,3.9968028886505635e-15
0.012,0.9999999999999956,8.399242716110022e-33,4.440892098500626e-15
0.013,0.9999999999999917,2.631022038527731e-31,8.326672684688674e-15
0.014,0.9999999999999695,6.233851777557675e-30,3.05311331771918e-14
0.015,0.9999999999998479,1.1610917188353368e-28,1.5210055437364632e-13
0.016,0.9999999999992639,1.753646188854187e-27,7.360778653264771e-13
0.017,0.9999999999967542,2.203000618589751e-26,3.2458480347940854e-12
0.018,0.9999999999870546,2.350838936153379e-25,1.2945422511734014e-11
0.019,0.9999999999529126,2.1688110767686338e-24,4.708744505421474e-11
0.02,0.9999999998423889,1.7558498439694002e-23,1.5761114635635586e-10
0.021,0.9999999995106377,1.2634193741108243e-22,4.893623284373107e-10
0.022,0.9999999985807976,8.168795866122174e-22,1.4192024222473168e-09
0.023,0.9999999961322658,4.7911551606871794e-21,3.867734243984882e-09
0.024,0.9999999900422216,2.570330787073489e-20,9.957778379617697e-09
0.025,0.999999975668035,1.2704538509318451e-19,2.433196499827602e-08
0.026,0.9999999433396343,5.822816364049065e-19,5.666036573201475e-08
0.027,0.9999998738037132,2.488740733954686e-18,1.2619628675132149e-07
0.028,0.9999997302977163,9.970049224387527e-18,2.6970228371838686e-07
0.029,0.9999994453082707,3.760566394833856e-17,5.54691729288823e-07
0.03,0.9999988992762275,1.3409564449591526e-16,1.1007237723284128e-06
0.031,0.9999978875603461,4.537063384722733e-16,2.1124396534137197e-06
0.032,0.9999960709046817,1.461421024590437e-15,3.929095316860997e-06
0.033,0.999992903547976,4.494948225960536e-15,7.096452019518596e-06
0.034,0.9999875320820817,1.323775144162208e-14,1.246791790507517e-05
0.035,0.9999786573629619,3.742240669846172e-14,2.1342637000701817e-05
0.036,0.9999643513813373,1.017824860346769e-13,3.564861856089339e-05
0.037,0.9999418212031246,2.669022963918436e-13,5.817879660851653e-05
0.038,0.9999071130755047,6.760992694665676e-13,9.288692381917309e-05
0.039,0.999854751713416,1.6573835395978578e-12,0.00014524828492663746
0.04,0.9997773127234907,3.938280298679607e-12,0.00022268727257103432
0.041,0.9996649300956862,9.084999067175853e-12,0.0003350698952287571
0.042,0.9995047456025921,2.037480741192416e-11,0.000495254377033133
0.043,0.999280312588079,4.44820500254318e-11,0.0007196873674389162
0.044,0.9989709726876738,9.465239767430033e-11,0.0010290272176738384
0.045,0.9985512300955416,1.9653097747395658e-10,0.001448769707927436
0.046,0.9979901536031898,3.9860918094660145e-10,0.0020098459982010523
0.047,0.9972508412765814,7.90523710867764e-10,0.0027491579328949214
0.048,0.9962899858178855,1.534408119061987e-09,0.0037100126477063546
0.049,0.9950575799387272,2.91747548831642e-09,0.004942417143797279
0.05,0.993496800118421,5.43842029329249e-09,0.0065031944431586984
0.051,0.9915441037361632,9.946612146325685e-09,0.008455886317224657
0.052,0.9891295687179669,1.7862099923134192e-08,0.01087041341993321
0.053,0.9861774966727513,3.151698894281887e-08,0.013822471810259716
0.054,0.9826072903285834,5.4675784215272176e-08,0.01739265499563238
0.055,0.9783346043993078,9.331493079763314e-08,0.021665302285761454
0.056,0.9732727564227317,1.5677124562698979e-07,0.026727086806022673
0.057,0.9673343713090137,2.594064740116521e-07,0.032665369284512316
0.058,0.9604332210561792,4.2298200788213036e-07,0.039566355961812884
0.059,0.9524862100496342,6.799948760548482e-07,0.04751310995548976
0.06,0.9434154472214024,1.0782941217047095e-06,0.05658347448447593
0.061,0.9331503396541313,1.6873757566778236e-06,0.06684797297011202
0.062,0.9216296383757627,2.6068440365569956e-06,0.07836775478020072
0.063,0.908803366350265,3.977625308219235e-06,0.09119265602442674
0.064,0.8946345610702042,5.9966254804674635e-06,0.1053594423043153
0.065,0.8791007695936569,8.935629290081384e-06,0.12089029477705301
0.066,0.8621952420322191,1.3165343590219397e-05,0.1377915926241907
0.067,0.8439277799763419,1.9185581024348907e-05,0.15605303444263371
0.068,0.824325208575892,2.7662656414999047e-05,0.17564712876769303
0.069,0.8034314543790142,3.947511652079877e-05,0.196529070504465
0.07,0.7813072248998989,5.5768934118203184e-05,0.2186370061659829
0.071,0.7580292996054455,7.802325881149405e-05,0.241892677135743
0.072,0.7336894549557432,0.00010812771885934846,0.2662024173253974
0.073,0.7083930577831328,0.0001484721007517731,0.2914584701161155
0.074,0.6822573711910984,0.00020204898801558794,0.317540579820886
0.075,0.6554096249785143,0.00027256961195832046,0.3443178054095274
0.076,0.6279849081280353,0.0003645927522429497,0.37165049911972176
0.077,0.600123944054213,0.0004836660258227987,0.39939238991996423
0.078,0.5719708101125702,0.0006364783250354519,0.42739271156239433
0.079,0.5436706614558902,0.0008310215208567948,0.45549831702325305
0.08,0.5153675159075322,0.0010767588520746887,0.48355572524039314
0.081,0.48720215139125084,0.0013847966973117585,0.5114130519114375
0.082,0.4593101609493438,0.001768055701083187,0.5389217833495731
0.083,0.4318202028596919,0.0022414365281626858,0.5659383606121454
0.084,0.404852475199068,0.0028219748861876594,0.5923255499147444
0.085,0.3785174357561064,0.003528979920028019,0.6179535843238656
0.086,0.35291477980826563,0.004384149678353442,0.6427010705133809
0.087,0.32813268024062614,0.005411657116680204,0.6664556626426936
0.088,0.30424728705184684,0.00663820006196929,0.6891145128861839
0.089,0.28132247666324006,0.008093008746152241,0.7105845145906077
0.09,0.2594098357656677,0.009807804937219944,0.7307823592971123
0.091,0.23854885979717788,0.011816707365576103,0.7496344328372461
0.092,0.21876734258281466,0.014156079059396852,0.7670765783577884
0.093,0.2000819311815879,0.01686431335449671,0.7830537554639154
0.094,0.18249881853005218,0.019981556709833488,0.7975196247601143
0.095,0.16601454597032905,0.023549368007090888,0.8104360860225801
0.096,0.15061688810150664,0.02761031570007706,0.8217727961984163
0.097,0.13628579347838185,0.03220751595706304,0.8315066905645551
0.098,0.12299435637190925,0.03738411675035233,0.8396215268777384
0.099,0.11070979696910489,0.043182734631676184,0.8461074683992189
0.1,0.09939442989639095,0.0496448526269379,0.8509607174766712
0.101,0.08900660367591402,0.05681018922752941,0.8541832070965565
0.102,0.07950159655611902,0.06471604978929611,0.8557823536545849
0.103,0.07083245699572473,0.07339667272140636,0.8557708702828689
0.104,0.06295077983882436,0.08288258361108453,0.8541666365500911
0.105,0.055807411828239256,0.09319997085157032,0.8509926173201905
0.106,0.04935308251019306,0.10437009639648674,0.8462768210933201
0.107,0.043538958746591284,0.11640875494334865,0.84005228631006
0.108,0.038317122946338794,0.12932579415455456,0.8323570828991066
0.109,0.03364097674147119,0.1431247074712533,0.8232343157872756
0.11,0.029465573165554336,0.15780230969184258,0.8127321171426031
0.111,0.025747881448071462,0.1733485038115871,0.8009036147403414
0.112,0.022446989333973173,0.18974614570194448,0.7878068649640824
0.113,0.01952424839235962,0.20697101110440158,0.7735047405032387
0.114,0.016943368116457306,0.22499186718629033,0.7580647646972523
0.115,0.014670464765166823,0.24377064862112646,0.7415588866137066
0.116,0.012674070882081013,0.263262735879723,0.724063193238196
0.117,0.010925111278668312,0.2834173312160345,0.7056575575052971
0.118,0.009396851011017386,0.30417792576444475,0.6864252232245378
0.119,0.008064820539316155,0.3254828492884856,0.6664523301721983
0.12,0.006906722859162388,0.3472658924827282,0.6458273846581094
0.121,0.0059023269545002595,0.36945699036880797,0.6246406826766918
0.122,0.0050333514614463275,0.39198295427233365,0.60298369426622
0.123,0.004283341965812924,0.4147682391386648,0.5809484188955223
0.124,0.003637544897397449,0.43773573255012116,0.5586267225524815
0.125,0.0030827805411941314,0.46080755174339993,0.5361096677154059
0.126,0.0026073172673464194,0.48390583518135566,0.5134868475512979
0.127,0.0022007486935166653,0.5069535157878367,0.49084573551864663
0.128,0.0018538751391358732,0.5298750637791416,0.46827106108172256
0.129,0.001558590412821474,0.5525971880864858,0.4458442215006927
0.13,0.0013077746928602965,0.5750494866214494,0.42364273868569036
0.131,0.0010951940156760406,0.5971650370477961,0.40173976893652785
0.132,0.0009154066773866725,0.6188809212443737,0.3802036720782397
0.133,0.000763676676989416,0.6401386782301902,0.3590976450928204
0.134,0.0006358941839969841,0.6608846819314255,0.3384794238845775
0.135,0.000528502895783408,0.6810704417595189,0.31840105534469765
0.136,0.00043843405760660544,0.7006528255030159,0.29890874043937754
0.137,0.00036304684832659854,0.7195942054795639,0.28004274767210957
0.138,0.00030007478434065547,0.737862530220997,0.2618373949946623
0.139,0.00024757776042570484,0.7554313251505411,0.24432109708903316
0.14,0.0002038993263934486,0.7722796267397104,0.22751647393389618
0.141,0.0001676287903030215,0.7883918554920951,0.2114405157176018
0.142,0.00013756774024045745,0.8037576337853826,0.196104798474377
0.143,0.00011270058539792649,0.8183715551106769,0.18151574430392514
0.144,9.216873163864912e-05,0.8322329115830848,0.1676749196852766
0.145,7.524802541595349e-05,0.8453453867671634,0.15457936520742066
0.146,6.132912154718765e-05,0.8577167208759778,0.14222195000247495
0.147,4.990045385038519e-05,0.8693583552777211,0.13059174426842857
0.148,4.053351214676836e-05,0.8802850629945409,0.11967440349331238
0.149,3.287015389775651e-05,0.8905145715221957,0.10945255832390655
0.15,2.6611703213631057e-05,0.9000671838547104,0.09990620444207599
0.151,2.150961370594549e-05,0.9089654030839532,0.09101308730234081
0.152,1.7357494333496354e-05,0.9172335653783082,0.08274907712735824
0.153,1.3984318784043266e-05,0.924897485544691,0.07508853013652494
0.154,1.1248658892478387e-05,0.9319841187611909,0.06800463257991662
0.155,9.0338010375194e-06,0.9385212414476438,0.06146972475131862
0.156,7.243621352398879e-06,0.9445371536328093,0.05545560274583827
0.157,5.79911094076235e-06,0.9500604045901551,0.049933796298904154
0.158,4.635456148853837e-06,0.9551195429603277,0.044875821583523434
0.159,3.6995913740069363e-06,0.9597428920637691,0.04025340834485691
0.16,2.9481529686724023e-06,0.963958350638396,0.03603870120863539
0.161,2.345772620403307e-06,0.967793218818615,0.03220443540876461
0.162,1.8636572489695812e-06,0.9712740488058906,0.0287240875368604
0.163,1.4784100618525478e-06,0.9744265193678954,0.02557200222204281
0.164,1.171054047874219e-06,0.9772753330437474,0.022723495902204793
0.165,9.262249619071326e-07,0.9798441347243825,0.020154939050655574
0.166,7.315058533564783e-07,0.9821554501179616,0.017843818376185094
0.167,5.768795038020947e-07,0.9842306424968499,0.015768780623646284
0.168,4.5427884508124317e-07,0.9860898860513584,0.013909659669796515
0.169,3.572186019262386e-07,0.9877521541422903,0.01224748863910774
0.17,2.8049411017363066e-07,0.9892352207441119,0.010764498761777985
0.171,2.1993556313388242e-07,0.990555673399715,0.009444106664721952
0.172,1.7220788924590578e-07,0.9917289360610423,0.00827089173106843
0.173,1.3464811195011128e-07,0.992769300262951,0.0072305650889370465
0.174,1.0513343051393658e-07,0.9936899631675812,0.0063099316989883025
0.175,8.197442588543457e-08,0.9945030711152342,0.005496846910339914
0.176,6.382877136684065e-08,0.9952197674306803,0.004780168740548318
0.177,4.9631642548794436e-08,0.9958502433431449,0.004149707025212557
0.178,3.8539699255931475e-08,0.9964037909997074,0.003596170460593351
0.179,2.98860755340296e-08,0.9968888576628576,0.0031111124510668775
0.18,2.3144280248507587e-08,0.9973131003015012,0.002686876554218509
0.181,1.7899296293909344e-08,0.9976834398892606,0.0023165422114431733
0.182,1.3824484044247862e-08,0.9980061148330949,0.0019938713424211274
0.183,1.0663155793225397e-08,0.9982867330477514,0.0017132562890928016
0.184,8.213902084504432e-09,0.9985303222867354,0.001469669499362447
0.185,6.318926052913136e-09,0.9987413784183854,0.001258615262688556
0.186,4.854784936856573e-09,0.9989239114148883,0.001076083730326749
0.187,3.7250544280418027e-09,0.9990814888838854,0.0009185073910602526
0.188,2.8545262096457946e-09,0.9992172770358225,0.0007827201096513026
0.189,2.1846258181834677e-09,0.9993340790263128,0.0006659187890614149
0.19,1.6698000993074064e-09,0.9994343706614328,0.0005656276687671102
0.191,1.2746737029462701e-09,0.9995203334855823,0.0004796652397439649
0.192,9.718144971339068e-10,0.9995938853074167,0.00040611372076881924
0.193,7.399802976086085e-10,0.999656708238509,0.00034329102151064994
0.194,5.627454093943167e-10,0.9997102743443546,0.00028972509290003945
0.195,4.2742638277692296e-10,0.9997558690166327,0.00024413055594085797
0.196,3.2424310011564974e-10,0.9997946121915263,0.00020538748423060138
0.197,2.4566464681570877e-10,0.9998274775407188,0.00017252221361663267
0.198,1.859000418252506e-10,0.9998553097706449,0.00014469004345507575
0.199,1.40502347070965e-10,0.9998788401618177,0.00012115969767989565
0.2,1.0606137556261905e-10,0.9998987004841794,0.00010129940975922569
0.201,7.996552490851933e-11,0.9999154354166009,8.45645034336373e-05
0.202,6.02174588917906e-11,0.999929513599792,7.048633999051646e-05
0.203,4.52916713075656e-11,0.9999413374414897,5.866251321862137e-05
0.204,3.402457527429607e-11,0.9999512517916366,4.8748174338864025e-05
0.205,2.5529813190513088e-11,0.9999595515943551,4.044838011507679e-05
0.206,1.913309358924641e-11,0.9999664886201711,3.3511360695737125e-05
0.207,1.4322123929471201e-11,0.9999722773724169,2.7722613261005336e-05
0.208,1.0708196497159503e-11,0.9999771002555058,2.289973378599708e-05
0.209,7.996756523000408e-12,0.9999811120859868,1.8887906016451517e-05
0.21,5.964883674040125e-12,0.9999844440197363,1.5555974298808728e-05
0.211,4.444086867470858e-12,0.9999872069625796,1.2793032976299301e-05
0.212,3.307176795620534e-12,0.9999894945249702,1.0505471722654924e-05
0.213,2.4582634184883874e-12,0.9999913855757396,8.614421802111139e-06
0.214,1.8251448863800706e-12,0.999992946443994,7.053554180957988e-06
0.215,1.3535239621612499e-12,0.9999942328133331,5.76718531342113e-06
0.216,1.0026190398044e-12,0.9999952913477689,4.708651228479965e-06
0.217,7.418379234400871e-13,0.9999961610841425,3.838915115683683e-06
0.218,5.482603707111734e-13,0.9999968746219252,3.1253775265582817e-06
0.219,4.047352637754677e-13,0.9999974591378815,2.540861713695719e-06
0.22,2.9844423509045065e-13,0.9999979372492483,2.06275045322446e-06
0.221,2.1981881649776225e-13,0.9999983277467794,1.6722530007395875e-06
0.222,1.617251606234595e-13,0.9999986462158208,1.3537840174437932e-06
0.223,1.1885100945916974e-13,0.9999989055614698,1.0944384113420469e-06
0.224,8.724533001572079e-14,0.9999991164517327,8.835481800639755e-07
0.225,6.397303882305689e-14,0.9999992876908834,7.123090526306441e-07
0.226,4.685637259204305e-14,0.9999994265330313,5.734669218382393e-07
0.227,3.428140624178911e-14,0.9999995389454848,4.610544809269257e-07
0.228,2.5053490081881832e-14,0.9999996298289759,3.701709989645252e-07
0.229,1.8289372849701597e-14,0.9999997032019495,2.967980321511021e-07
0.23,1.3336801091415483e-14,0.9999997623540754,2.3764591128294654e-07
0.231,9.714670952260301e-15,0.9999998099742023,1.9002578788285263e-07
0.232,7.068533661202894e-15,0.999999848256603,1.517433898534648e-07
0.233,5.137556466136456e-15,0.9999998789891957,1.210107991589382e-07
0.234,3.730019743970626e-15,0.9999999036264883,9.637350795177468e-08
0.235,2.705166965620701e-15,0.9999999233499208,7.66500765081446e-08
0.236,1.9597767227462392e-15,0.9999999391177521,6.088224591138669e-08
0.237,1.4182402871397287e-15,0.9999999517059017,4.8294096832712796e-08
0.238,1.025238362799849e-15,0.9999999617417834,3.8258215595554645e-08
0.239,7.4034264620637415e-16,0.9999999697319463,3.026805295291979e-08
0.24,5.340410369326464e-16,0.9999999760847246,2.3915274871555425e-08
0.241,3.848145398745954e-16,0.9999999811288087,1.8871190943237082e-08
0.242,2.7699013751212086e-16,0.999999985128405,1.4871594733456561e-08
0.243,1.991655029927127e-16,0.9999999882955081,1.1704491709174647e-08
0.244,1.4305461540724908e-16,0.9999999908000291,9.199970785189748e-09
0.245,1.0264280701661825e-16,0.9999999927779598,7.222040077081715e-09
0.246,7.35690213561134e-17,0.9999999943379353,5.662064594957883e-09
0.247,5.267470974261456e-17,0.9999999955666221,4.433377887025358e-09
0.248,3.767479668663703e-17,0.9999999965331152,3.4668847792573843e-09
0.249,2.6917959585189097e-17,0.9999999972923637,2.7076363373623735e-09
0.25,1.9212180057775622e-17,0.999999997888016,2.1119840321048855e-09
0.251,1.3697940334500256e-17,0.9999999983547271,1.6452729179050607e-09
0.252,9.756157457894285e-18,0.9999999987199139,1.2800861481920833e-09
0.253,6.941415143346634e-18,0.9999999990052894,9.947106471841494e-10
0.254,4.933597132325981e-18,0.9999999992280234,7.719765937608258e-10
0.255,3.5028902665293444e-18,0.9999999994016289,5.983711304224926e-10
0.256,2.484490199878701e-18,0.9999999995367781,4.6322190527803286e-10
0.257,1.7603403773167434e-18,0.9999999996418454,3.581546170750016e-10
0.258,1.245963451186353e-18,0.9999999997234215,2.7657853785001407e-10
0.259,8.809756594007089e-19,0.9999999997866879,2.1331214572484214e-10
0.26,6.222617637299414e-19,0.9999999998356811,1.6431889182655368e-10
0.261,4.390697826527534e-19,0.9999999998735816,1.2641843127880747e-10
0.262,3.0948942973772143e-19,0.9999999999028621,9.713785331655345e-11
0.263,2.17926739822781e-19,0.999999999925449,7.455103201436941e-11
0.264,1.532950839072274e-19,0.9999999999428542,5.714584361271591e-11
0.265,1.0772078139422197e-19,0.9999999999562412,4.375877438178577e-11
0.266,7.561794399941958e-20,0.9999999999665415,3.3458458226220955e-11
0.267,5.302795276521736e-20,0.9999999999744428,2.555722300456864e-11
0.268,3.714838937736113e-20,0.9999999999805044,1.949562733472021e-11
0.269,2.5997449304494648e-20,0.9999999999851498,1.485023215508363e-11
0.27,1.8175132575522734e-20,0.9999999999886985,1.1301515279171781e-11
0.271,1.2693488354417031e-20,0.9999999999914138,8.586242827846036e-12
0.272,8.856077041846708e-21,0.999999999993485,6.515010753105344e-12
0.273,6.172473075536037e-21,0.9999999999950558,4.94415619556321e-12
0.274,4.297687701546872e-21,0.9999999999962544,3.745559418177891e-12
0.275,2.9892946747559937e-21,0.9999999999971669,2.8330671142384745e-12
0.276,2.077118184070424e-21,0.999999999997854,2.145950084297965e-12
0.277,1.441825344141763e-21,0.9999999999983796,1.620370504440416e-12
0.278,9.998236820804671e-22,0.9999999999987814,1.2185807918285718e-12
0.279,6.926180954707813e-22,0.9999999999990846,9.153788838034416e-13
0.28,4.7931852854951665e-22,0.9999999999993134,6.865619184281968e-13
0.281,3.3137128679070453e-22,0.9999999999994771,5.229150445984487e-13
0.282,2.288579976685089e-22,0.9999999999995859,4.141131881851834e-13
0.283,1.578985534977124e-22,0.9999999999997283,2.716715741257758e-13
0.284,1.0883067126704347e-22,0.9999999999997587,2.412514632510465e-13
0.285,7.493518949941095e-23,0.999999999999863,1.3700152123874432e-13
0.286,5.1544447661338794e-23,0.9999999999998539,1.461053500406706e-13
0.287,3.5419283171805834e-23,0.9999999999999253,7.471800955727304e-14
0.288,2.4314181091442606e-23,0.9999999999999115,8.848477506262498e-14
0.289,1.667407382085195e-23,0.9999999999999747,2.531308496145357e-14
0.29,1.1423157482362988e-23,0.9999999999999486,5.140332604014475e-14
0.291,7.817954598710287e-24,0.9999999999999907,9.325873406851315e-15
0.292,5.345185857703238e-24,0.9999999999999534,4.6629367034256575e-14
0.293,3.6508610310508315e-24,1.0000000000000044,-4.440892098500626e-15
0.294,2.491097596266755e-24,0.9999999999999741,2.5868196473766147e-14
0.295,1.698045192412028e-24,1.0000000000000127,-1.2656542480726785e-14
0.296,1.156301013944466e-24,0.9999999999999769,2.3092638912203256e-14
0.297,7.866033914718927e-25,1.0000000000000135,-1.354472090042691e-14
0.298,5.345693348787093e-25,0.9999999999999813,1.865174681370263e-14
0.299,3.6292396770244255e-25,1.0000000000000238,-2.375877272697835e-14
0.3,2.4614481216937015e-25,0.9999999999999829,1.709743457922741e-14
